run_index,transaction_id,latency_profile,latency_ms,decision,total_time_ms,phase1_time_ms,phase2_time_ms,network_wait_ms,work_ms,coord_cost_pct,success,timestamp
0,a238120f-3f5f-4ed3-a8f6-d340bd3e8aec,local,1.0,GLOBAL_COMMIT,55.419,17.626,37.049,8.0,47.419,14.44,True,2026-05-29 14:29:24
1,960f55bb-ca11-43eb-8791-36b3ef1f2a4e,local,1.0,GLOBAL_COMMIT,61.392,36.948,23.552,8.0,53.392,13.03,True,2026-05-29 14:29:24
2,25dc8540-136a-4b21-a9a0-31406beafc46,local,1.0,GLOBAL_COMMIT,46.129,16.517,28.901,8.0,38.129,17.34,True,2026-05-29 14:29:24
3,3614a7a1-1c4c-4f49-9960-1e7d4be03adb,local,1.0,GLOBAL_COMMIT,82.268,16.649,64.932,8.0,74.268,9.72,True,2026-05-29 14:29:24
4,f977d5fb-b418-4101-a042-f6eba2c372ef,local,1.0,GLOBAL_COMMIT,95.786,51.056,43.367,8.0,87.786,8.35,True,2026-05-29 14:29:24
5,175f7d6b-9b8a-49be-b06e-77a33cadd442,local,1.0,GLOBAL_COMMIT,129.666,66.582,62.326,8.0,121.666,6.17,True,2026-05-29 14:29:24
6,0beff1e0-3f13-4308-aaa8-fc781f73dc4e,local,1.0,GLOBAL_COMMIT,82.357,36.475,45.203,8.0,74.357,9.71,True,2026-05-29 14:29:24
7,81036eb5-caea-4368-be8b-9d5d1fb29ace,local,1.0,GLOBAL_COMMIT,77.172,39.734,36.552,8.0,69.172,10.37,True,2026-05-29 14:29:24
8,8c689306-2864-4cf3-b415-e25a1ac19fe7,local,1.0,GLOBAL_COMMIT,35.275,16.058,18.555,8.0,27.275,22.68,True,2026-05-29 14:29:24
9,96818853-482e-46cc-bc7f-1252ca6c72d3,local,1.0,GLOBAL_COMMIT,70.586,28.971,40.829,8.0,62.586,11.33,True,2026-05-29 14:29:24
10,69bb0f43-5da0-48a5-ab1f-1d36487a6965,local,1.0,GLOBAL_COMMIT,86.796,21.545,63.974,8.0,78.796,9.22,True,2026-05-29 14:29:25
11,0d056971-b902-4075-b31d-38ebacceece6,local,1.0,GLOBAL_COMMIT,104.525,37.993,65.751,8.0,96.525,7.65,True,2026-05-29 14:29:25
12,5be05d4e-8016-40d4-8e58-ca83726d4466,local,1.0,GLOBAL_COMMIT,71.588,32.751,38.102,8.0,63.588,11.18,True,2026-05-29 14:29:25
13,df025d39-e270-4a05-8bf4-0c3a6a09e4da,local,1.0,GLOBAL_COMMIT,70.819,27.582,42.259,8.0,62.819,11.3,True,2026-05-29 14:29:25
14,264966fe-c845-4de8-888b-4b4368224df4,local,1.0,GLOBAL_COMMIT,69.171,28.353,40.075,8.0,61.171,11.57,True,2026-05-29 14:29:25
15,72696798-5c03-4619-81d8-13ccfedad816,local,1.0,GLOBAL_COMMIT,125.29,63.117,61.564,8.0,117.29,6.39,True,2026-05-29 14:29:25
16,75253c9b-3ee4-4d65-b11d-a7119adb71bf,local,1.0,GLOBAL_COMMIT,88.365,31.862,55.989,8.0,80.365,9.05,True,2026-05-29 14:29:25
17,7ba69223-3f49-4279-b4d4-f3cf4d584955,local,1.0,GLOBAL_COMMIT,96.403,51.997,43.543,8.0,88.403,8.3,True,2026-05-29 14:29:25
18,f11bb505-eec2-47d5-9658-fba5569e9c97,local,1.0,GLOBAL_COMMIT,68.459,29.373,38.331,8.0,60.459,11.69,True,2026-05-29 14:29:25
19,8efb6ec8-bc7f-4d00-b240-7fb7c302dc72,local,1.0,GLOBAL_COMMIT,72.858,51.868,20.329,8.0,64.858,10.98,True,2026-05-29 14:29:25
20,5c7ee439-5788-43bf-ab10-dbda727b7aea,local,1.0,GLOBAL_COMMIT,70.054,32.929,36.269,8.0,62.054,11.42,True,2026-05-29 14:29:26
21,eadfb2e5-d65f-488c-9a8c-61f14ff606c2,local,1.0,GLOBAL_COMMIT,85.721,27.567,57.399,8.0,77.721,9.33,True,2026-05-29 14:29:26
22,224f809a-829b-4b1b-8dfc-d4932238666d,local,1.0,GLOBAL_COMMIT,59.043,17.843,40.662,8.0,51.043,13.55,True,2026-05-29 14:29:26
23,93bb921a-a538-4ba7-9c9f-32bd4675408f,local,1.0,GLOBAL_COMMIT,36.394,16.084,19.598,8.0,28.394,21.98,True,2026-05-29 14:29:26
24,a32a478a-7183-4a5b-b3a6-7db55bac9578,local,1.0,GLOBAL_COMMIT,98.105,36.789,60.828,8.0,90.105,8.15,True,2026-05-29 14:29:26
25,81ff0670-d48e-45be-acec-8f2c6c2a97b2,local,1.0,GLOBAL_COMMIT,70.494,29.794,40.036,8.0,62.494,11.35,True,2026-05-29 14:29:26
26,c1c82752-0364-4e82-b61f-dddc58317184,local,1.0,GLOBAL_COMMIT,37.203,16.072,20.483,8.0,29.203,21.5,True,2026-05-29 14:29:26
27,4892b39e-6124-4120-9367-5ae118616c2b,local,1.0,GLOBAL_COMMIT,58.141,37.803,19.697,8.0,50.141,13.76,True,2026-05-29 14:29:26
28,511a4630-a72c-48df-8f28-bbcb02b7987b,local,1.0,GLOBAL_COMMIT,62.758,16.301,45.699,8.0,54.758,12.75,True,2026-05-29 14:29:26
29,06c9391f-0150-4257-b0cd-dc437cdb04f9,local,1.0,GLOBAL_COMMIT,57.242,37.617,18.967,8.0,49.242,13.98,True,2026-05-29 14:29:26
30,e27c879b-867f-46a2-94fb-2ac1e0d4c8cf,local,1.0,GLOBAL_COMMIT,39.55,16.804,21.047,8.0,31.55,20.23,True,2026-05-29 14:29:26
31,420bb970-6034-4af6-8a66-c78983276f37,local,1.0,GLOBAL_COMMIT,43.804,23.366,19.657,8.0,35.804,18.26,True,2026-05-29 14:29:26
32,2a4632bd-0438-48b4-9056-83345e99ad9f,local,1.0,GLOBAL_COMMIT,40.136,18.251,21.074,8.0,32.136,19.93,True,2026-05-29 14:29:26
33,35d2cb05-3998-4e40-ad1e-9d5bab219a00,local,1.0,GLOBAL_COMMIT,72.913,16.126,55.993,8.0,64.913,10.97,True,2026-05-29 14:29:26
34,ab517a92-b7b0-47e8-87e8-335a4eff5d6e,local,1.0,GLOBAL_COMMIT,83.836,28.342,54.657,8.0,75.836,9.54,True,2026-05-29 14:29:27
35,cc87c671-d884-43ac-821f-652f9efa3140,local,1.0,GLOBAL_COMMIT,99.524,27.912,70.835,8.0,91.524,8.04,True,2026-05-29 14:29:27
36,7d7fc75d-1b2a-4aa5-b4af-60096a83d667,local,1.0,GLOBAL_COMMIT,55.877,31.628,21.815,8.0,47.877,14.32,True,2026-05-29 14:29:27
37,446b999c-3fd3-4e92-9c35-0dd12eeb09a2,local,1.0,GLOBAL_COMMIT,64.102,37.432,25.097,8.0,56.102,12.48,True,2026-05-29 14:29:27
38,54d3ef16-bf7a-4050-8eff-1e30ab703953,local,1.0,GLOBAL_COMMIT,66.835,28.107,37.922,8.0,58.835,11.97,True,2026-05-29 14:29:27
39,596365d9-0bc5-4c5c-b475-ec0e52a5d972,local,1.0,GLOBAL_COMMIT,98.059,53.936,43.278,8.0,90.059,8.16,True,2026-05-29 14:29:27
40,f536d3ed-0c95-40ed-bd5e-14ee5e024ffb,local,1.0,GLOBAL_COMMIT,41.555,19.035,21.666,8.0,33.555,19.25,True,2026-05-29 14:29:27
41,ae9cef81-8449-403c-8011-4382d6e3fcc6,local,1.0,GLOBAL_COMMIT,38.959,17.189,20.22,8.0,30.959,20.53,True,2026-05-29 14:29:27
42,041e8259-f20f-4e83-9920-cf7e1df7db0d,local,1.0,GLOBAL_COMMIT,55.556,35.62,19.291,8.0,47.556,14.4,True,2026-05-29 14:29:27
43,60da461b-7de5-4907-a2b2-0157ec35e969,local,1.0,GLOBAL_COMMIT,40.694,17.993,21.78,8.0,32.694,19.66,True,2026-05-29 14:29:27
44,9a3762ed-840d-4208-a92f-d3846af55555,local,1.0,GLOBAL_COMMIT,43.188,18.511,23.85,8.0,35.188,18.52,True,2026-05-29 14:29:27
45,15aa9d2f-b27e-498d-966e-5eaefe808892,local,1.0,GLOBAL_COMMIT,87.144,31.787,54.552,8.0,79.144,9.18,True,2026-05-29 14:29:27
46,994d178d-43ed-4061-a45c-879b22b00e44,local,1.0,GLOBAL_COMMIT,64.4,18.803,44.496,8.0,56.4,12.42,True,2026-05-29 14:29:27
47,76622b70-5437-4c1f-a28f-4c05340700a9,local,1.0,GLOBAL_COMMIT,85.475,20.515,64.249,8.0,77.475,9.36,True,2026-05-29 14:29:27
48,d140ba64-223d-4029-8091-97a8f1b37cbf,local,1.0,GLOBAL_COMMIT,105.96,59.051,45.948,8.0,97.96,7.55,True,2026-05-29 14:29:28
49,73284c60-16ee-4ee5-9901-feafd54d1b18,local,1.0,GLOBAL_COMMIT,120.193,52.69,66.864,8.0,112.193,6.66,True,2026-05-29 14:29:28
50,5568e0e2-0079-42cb-a155-a4f0c41a6dc1,local,1.0,GLOBAL_COMMIT,99.739,54.583,43.712,8.0,91.739,8.02,True,2026-05-29 14:29:28
51,8e7f2707-9197-47db-95da-ffcec6789546,local,1.0,GLOBAL_COMMIT,121.242,57.048,63.533,8.0,113.242,6.6,True,2026-05-29 14:29:28
52,6cdec15c-9155-4b7f-bb8d-5df213f90ad6,local,1.0,GLOBAL_COMMIT,71.72,20.006,51.081,8.0,63.72,11.15,True,2026-05-29 14:29:28
53,44843249-c36f-4356-b18c-cdd073d994ff,local,1.0,GLOBAL_COMMIT,54.386,32.821,20.969,8.0,46.386,14.71,True,2026-05-29 14:29:28
54,c3b7bfda-7548-4182-bf4f-72958786437a,local,1.0,GLOBAL_COMMIT,49.463,29.389,19.341,8.0,41.463,16.17,True,2026-05-29 14:29:28
55,fb50481b-8e0d-4b3d-8bf8-668c774b4063,local,1.0,GLOBAL_COMMIT,64.906,40.246,23.744,8.0,56.906,12.33,True,2026-05-29 14:29:28
56,25e84d9c-5e3f-4451-8ec0-7a781c2ce8d3,local,1.0,GLOBAL_COMMIT,38.526,17.457,20.313,8.0,30.526,20.77,True,2026-05-29 14:29:28
57,a2841056-4ff2-4f7c-8e2c-55e73cc7fa71,local,1.0,GLOBAL_COMMIT,79.861,18.363,60.896,8.0,71.861,10.02,True,2026-05-29 14:29:28
58,16d647f2-b717-410e-b10f-c3138b3ad69b,local,1.0,GLOBAL_COMMIT,86.587,39.779,46.213,8.0,78.587,9.24,True,2026-05-29 14:29:28
59,51715097-3d84-4819-8baa-177dfb8a2080,local,1.0,GLOBAL_COMMIT,102.361,36.602,64.961,8.0,94.361,7.82,True,2026-05-29 14:29:29
60,cb74a565-deb8-4915-b2fb-509b58ad6da7,local,1.0,GLOBAL_COMMIT,107.646,41.354,65.578,8.0,99.646,7.43,True,2026-05-29 14:29:29
61,9d4a4e08-e31e-4ca6-a10d-de024ad99a6a,local,1.0,GLOBAL_COMMIT,87.772,40.344,46.335,8.0,79.772,9.11,True,2026-05-29 14:29:29
62,b18dc593-b226-4584-949a-15999ba30cf7,local,1.0,GLOBAL_COMMIT,63.276,22.076,40.302,8.0,55.276,12.64,True,2026-05-29 14:29:29
63,b23a3117-9c14-4932-9cc5-df86dd61e5f0,local,1.0,GLOBAL_COMMIT,118.107,52.169,65.293,8.0,110.107,6.77,True,2026-05-29 14:29:29
64,fd0420e9-222e-4c05-a3e0-f4357e4c3ed5,local,1.0,GLOBAL_COMMIT,87.109,37.065,48.624,8.0,79.109,9.18,True,2026-05-29 14:29:29
65,1c73a926-1274-4ee4-94e8-179c85d1d878,local,1.0,GLOBAL_COMMIT,120.444,53.943,65.888,8.0,112.444,6.64,True,2026-05-29 14:29:29
66,42de3fd5-65b1-4850-82a9-071ee68d22e6,local,1.0,GLOBAL_COMMIT,58.291,17.301,40.04,8.0,50.291,13.72,True,2026-05-29 14:29:29
67,009bd666-c1f6-43f0-8540-46a3942d5164,local,1.0,GLOBAL_COMMIT,76.293,52.898,22.545,8.0,68.293,10.49,True,2026-05-29 14:29:29
68,120cd34b-bd99-4c96-a1d6-feeac7aac1db,local,1.0,GLOBAL_COMMIT,91.239,51.049,39.039,8.0,83.239,8.77,True,2026-05-29 14:29:30
69,f56eca56-baeb-41a9-bd74-f72430bdf69d,local,1.0,GLOBAL_COMMIT,65.295,18.99,45.655,8.0,57.295,12.25,True,2026-05-29 14:29:30
70,47231a1d-3f35-4109-a321-9ece203f19f0,local,1.0,GLOBAL_COMMIT,41.628,19.805,21.219,8.0,33.628,19.22,True,2026-05-29 14:29:30
71,9ddafcbe-facb-431a-b60e-6b433d25d0ca,local,1.0,GLOBAL_COMMIT,42.27,20.901,20.446,8.0,34.27,18.93,True,2026-05-29 14:29:30
72,7ff01a54-4a1f-4411-9904-0569245c6086,local,1.0,GLOBAL_COMMIT,60.857,40.234,19.058,8.0,52.857,13.15,True,2026-05-29 14:29:30
73,e642b5b1-78bf-4a15-ad63-59a5e24b8c17,local,1.0,GLOBAL_COMMIT,69.239,17.393,51.155,8.0,61.239,11.55,True,2026-05-29 14:29:30
74,5dcc13a7-01f8-43f5-87d4-16934ad44e4f,local,1.0,GLOBAL_COMMIT,94.751,50.997,42.825,8.0,86.751,8.44,True,2026-05-29 14:29:30
75,fa3ad056-76a8-439e-80c8-e42973eccb14,local,1.0,GLOBAL_COMMIT,102.825,36.115,66.023,8.0,94.825,7.78,True,2026-05-29 14:29:30
76,ab0316b4-a995-4322-bca5-12661737082b,local,1.0,GLOBAL_COMMIT,102.298,52.579,49.056,8.0,94.298,7.82,True,2026-05-29 14:29:30
77,45f30c5d-f82b-4544-991d-deb4330dc3ee,local,1.0,GLOBAL_COMMIT,90.593,34.927,54.677,8.0,82.593,8.83,True,2026-05-29 14:29:30
78,5dea1dea-3ada-42bf-819e-b81450805677,local,1.0,GLOBAL_COMMIT,93.161,59.223,33.227,8.0,85.161,8.59,True,2026-05-29 14:29:30
79,9902a6ca-8d84-4158-903e-fca90707c97e,local,1.0,GLOBAL_COMMIT,36.876,16.8,19.365,8.0,28.876,21.69,True,2026-05-29 14:29:31
80,c96112c2-8dfc-4d2c-924d-2b8957d3ba2c,local,1.0,GLOBAL_COMMIT,70.443,20.953,48.023,8.0,62.443,11.36,True,2026-05-29 14:29:31
81,2e723dab-3f97-40e9-96bf-0848ffe48fda,local,1.0,GLOBAL_COMMIT,86.563,50.547,35.062,8.0,78.563,9.24,True,2026-05-29 14:29:31
82,417e2b5a-64d0-4379-b2c7-0b487af543a8,local,1.0,GLOBAL_COMMIT,120.867,52.704,67.063,8.0,112.867,6.62,True,2026-05-29 14:29:31
83,57637403-d178-4a91-9fbe-12ad3b251f81,local,1.0,GLOBAL_COMMIT,119.999,70.83,47.775,8.0,111.999,6.67,True,2026-05-29 14:29:31
84,57aadf51-7a10-4a2c-8e95-2bf6f3b02d44,local,1.0,GLOBAL_COMMIT,58.651,37.007,20.909,8.0,50.651,13.64,True,2026-05-29 14:29:31
85,8b1da1fd-d4a6-4841-b488-9d1c861a7cce,local,1.0,GLOBAL_COMMIT,87.511,29.838,56.96,8.0,79.511,9.14,True,2026-05-29 14:29:31
86,06065ec3-9520-4cc5-93c8-039ba1396153,local,1.0,GLOBAL_COMMIT,106.542,33.809,69.608,8.0,98.542,7.51,True,2026-05-29 14:29:31
87,61db4ef4-82b8-4786-bcec-93e1542c739f,local,1.0,GLOBAL_COMMIT,118.349,68.811,48.21,8.0,110.349,6.76,True,2026-05-29 14:29:31
88,d5c25c73-a6b0-4467-a533-9ef21458e6fe,local,1.0,GLOBAL_COMMIT,74.217,24.487,48.646,8.0,66.217,10.78,True,2026-05-29 14:29:31
89,b98a57ec-93a8-427f-a8fd-8f6760c67921,local,1.0,GLOBAL_COMMIT,120.46,54.567,64.963,8.0,112.46,6.64,True,2026-05-29 14:29:32
90,56439850-bf45-4fa6-9d15-8611b1b1fde1,local,1.0,GLOBAL_COMMIT,121.192,52.631,67.117,8.0,113.192,6.6,True,2026-05-29 14:29:32
91,7aee0037-3ce9-45e5-a3ff-e987cd0aa5a2,local,1.0,GLOBAL_COMMIT,106.479,37.5,68.163,8.0,98.479,7.51,True,2026-05-29 14:29:32
92,e656fb32-1f07-4718-8401-6aa91d666d3c,local,1.0,GLOBAL_COMMIT,51.639,27.491,22.898,8.0,43.639,15.49,True,2026-05-29 14:29:32
93,4dcb4596-d5ed-446b-a999-09a9d311d1d3,local,1.0,GLOBAL_COMMIT,104.64,37.877,65.968,8.0,96.64,7.65,True,2026-05-29 14:29:32
94,9b54c4c2-2305-43d3-bd56-aee5dcfb584a,local,1.0,GLOBAL_COMMIT,122.663,55.007,67.05,8.0,114.663,6.52,True,2026-05-29 14:29:32
95,80cd3f65-8839-4575-8eed-a3fec50eb65a,local,1.0,GLOBAL_COMMIT,104.274,35.145,68.368,8.0,96.274,7.67,True,2026-05-29 14:29:32
96,3b7bb65e-0a9d-4468-81a1-8939c943b190,local,1.0,GLOBAL_COMMIT,76.786,18.087,57.053,8.0,68.786,10.42,True,2026-05-29 14:29:32
97,f37c077a-2d44-450c-a38d-ff3d41e0f6aa,local,1.0,GLOBAL_COMMIT,107.005,38.37,67.568,8.0,99.005,7.48,True,2026-05-29 14:29:32
98,b930b724-861f-4fa3-a05e-76cde4852b5d,local,1.0,GLOBAL_COMMIT,119.292,51.23,67.208,8.0,111.292,6.71,True,2026-05-29 14:29:33
99,fefa5001-f6bd-4ebd-87f9-725cc847e654,local,1.0,GLOBAL_COMMIT,105.832,41.336,62.991,8.0,97.832,7.56,True,2026-05-29 14:29:33
0,2e93711c-6cec-4d1c-87cd-a4d4cee3b1f1,regional,50.0,GLOBAL_COMMIT,471.712,232.25,238.392,400.0,71.712,84.8,True,2026-05-29 14:29:35
1,25277324-b1f5-4c1d-8e4a-eb3e0b92b886,regional,50.0,GLOBAL_COMMIT,440.853,214.213,225.756,400.0,40.853,90.73,True,2026-05-29 14:29:36
2,13054881-e79c-4e04-9158-83f1155959be,regional,50.0,GLOBAL_COMMIT,519.002,262.633,255.693,400.0,119.002,77.07,True,2026-05-29 14:29:36
3,93a22651-e169-40d6-9fa0-63a5ee57180f,regional,50.0,GLOBAL_COMMIT,521.961,260.883,260.277,400.0,121.961,76.63,True,2026-05-29 14:29:37
4,82d9c942-0f5a-472e-bcd4-758b6e24f7f7,regional,50.0,GLOBAL_COMMIT,508.925,250.794,256.868,400.0,108.925,78.6,True,2026-05-29 14:29:37
5,41216da0-664f-41f1-91b3-110e83ce25e7,regional,50.0,GLOBAL_COMMIT,511.882,256.993,253.085,400.0,111.882,78.14,True,2026-05-29 14:29:38
6,6edc61c9-1022-4eda-baa5-aef7efe6ef1b,regional,50.0,GLOBAL_COMMIT,491.758,254.317,235.937,400.0,91.758,81.34,True,2026-05-29 14:29:39
7,1aaa4285-2edf-4594-b8f4-f6c24aba31e7,regional,50.0,GLOBAL_COMMIT,516.034,270.206,245.245,400.0,116.034,77.51,True,2026-05-29 14:29:39
8,983f6faa-b7f1-42e3-a31e-067cf0a1e9fe,regional,50.0,GLOBAL_COMMIT,483.483,239.835,242.939,400.0,83.483,82.73,True,2026-05-29 14:29:40
9,82e54b3d-b2f1-45d0-84a6-68b1be7e43e4,regional,50.0,GLOBAL_COMMIT,539.757,259.521,279.512,400.0,139.757,74.11,True,2026-05-29 14:29:40
10,5a91e19f-559d-4a04-9113-057bb05805d0,regional,50.0,GLOBAL_COMMIT,499.875,254.876,243.496,400.0,99.875,80.02,True,2026-05-29 14:29:41
11,b2b5b2f2-5820-44fa-a18d-4aaffaea6521,regional,50.0,GLOBAL_COMMIT,489.113,262.021,226.466,400.0,89.113,81.78,True,2026-05-29 14:29:41
12,08a7426d-9be1-419b-bad2-464091e35e57,regional,50.0,GLOBAL_COMMIT,503.308,243.827,258.32,400.0,103.308,79.47,True,2026-05-29 14:29:42
13,7acdaf2b-4fe5-41b7-a169-a3700a68b159,regional,50.0,GLOBAL_COMMIT,482.212,245.419,236.063,400.0,82.212,82.95,True,2026-05-29 14:29:42
14,e1152b9e-a7d7-421f-8699-a5b753bfe618,regional,50.0,GLOBAL_COMMIT,490.686,228.477,261.672,400.0,90.686,81.52,True,2026-05-29 14:29:43
15,0d00e144-631b-4b44-a658-1b80b1d0fc8e,regional,50.0,GLOBAL_COMMIT,505.188,261.887,242.232,400.0,105.188,79.18,True,2026-05-29 14:29:43
16,bc4afbe4-d32e-49da-899b-b052174ed5a9,regional,50.0,GLOBAL_COMMIT,488.383,244.936,242.79,400.0,88.383,81.9,True,2026-05-29 14:29:44
17,52695e9b-561e-4ba3-b588-60b7236a417e,regional,50.0,GLOBAL_COMMIT,502.193,257.2,244.403,400.0,102.193,79.65,True,2026-05-29 14:29:44
18,5d470fe2-f9f9-48d5-8932-eff645f6f2ef,regional,50.0,GLOBAL_COMMIT,484.839,246.407,237.77,400.0,84.839,82.5,True,2026-05-29 14:29:45
19,eafeb002-9570-430d-a250-500763411e0b,regional,50.0,GLOBAL_COMMIT,479.35,214.474,264.149,400.0,79.35,83.45,True,2026-05-29 14:29:45
20,29bda16b-6bca-4f9d-9d0e-9a0db2b275c1,regional,50.0,GLOBAL_COMMIT,481.506,229.162,251.574,400.0,81.506,83.07,True,2026-05-29 14:29:46
21,39f23b52-4eee-4f9d-8336-088cfee2abff,regional,50.0,GLOBAL_COMMIT,453.136,233.417,218.392,400.0,53.136,88.27,True,2026-05-29 14:29:46
22,918e1108-d407-4184-a318-1cd6d5d173e4,regional,50.0,GLOBAL_COMMIT,487.607,248.025,238.668,400.0,87.607,82.03,True,2026-05-29 14:29:47
23,00dcbc6d-69be-4969-a22c-2bde5bf91e1a,regional,50.0,GLOBAL_COMMIT,462.338,237.169,223.876,400.0,62.338,86.52,True,2026-05-29 14:29:47
24,4b6d7f29-ef89-4d5a-aad6-da1877e1cc83,regional,50.0,GLOBAL_COMMIT,461.006,217.429,242.459,400.0,61.006,86.77,True,2026-05-29 14:29:48
25,36b288f5-1ea6-4ef6-a86a-2a29a8e12b36,regional,50.0,GLOBAL_COMMIT,468.263,238.029,229.627,400.0,68.263,85.42,True,2026-05-29 14:29:48
26,3e092559-9dca-49dc-a68f-a5be92f2f28a,regional,50.0,GLOBAL_COMMIT,434.772,215.734,218.359,400.0,34.772,92.0,True,2026-05-29 14:29:49
27,cf1eaf4d-6095-4f8a-af18-7de372d9a471,regional,50.0,GLOBAL_COMMIT,445.899,226.604,218.582,400.0,45.899,89.71,True,2026-05-29 14:29:49
28,1cd8e475-3f96-40b0-9e76-6dd248ab9974,regional,50.0,GLOBAL_COMMIT,451.728,229.049,221.843,400.0,51.728,88.55,True,2026-05-29 14:29:50
29,01bc7777-b3df-4fd3-9a69-cdf2e396655e,regional,50.0,GLOBAL_COMMIT,453.808,213.75,239.372,400.0,53.808,88.14,True,2026-05-29 14:29:50
30,1b3960fc-f81d-4e89-9b46-8954a4d8601c,regional,50.0,GLOBAL_COMMIT,516.364,259.005,256.325,400.0,116.364,77.46,True,2026-05-29 14:29:50
31,87f9978b-ee95-4053-a015-2db2f42af6a0,regional,50.0,GLOBAL_COMMIT,470.824,230.444,238.829,400.0,70.824,84.96,True,2026-05-29 14:29:51
32,461e6661-846f-48da-be3a-d955bd8c5f74,regional,50.0,GLOBAL_COMMIT,478.808,233.732,244.362,400.0,78.808,83.54,True,2026-05-29 14:29:51
33,946ee832-11da-4d3e-afcf-13da4533ba6e,regional,50.0,GLOBAL_COMMIT,506.766,252.736,253.007,400.0,106.766,78.93,True,2026-05-29 14:29:52
34,79952850-c233-425a-87d5-5a58ff988b97,regional,50.0,GLOBAL_COMMIT,509.164,251.99,256.316,400.0,109.164,78.56,True,2026-05-29 14:29:52
35,3b1f6bfa-00ae-4b0d-99fe-12c47186ef1f,regional,50.0,GLOBAL_COMMIT,504.52,261.927,241.39,400.0,104.52,79.28,True,2026-05-29 14:29:53
36,15cee8b1-8230-47dd-b1d7-2b7b2a45536c,regional,50.0,GLOBAL_COMMIT,522.287,243.875,277.644,400.0,122.287,76.59,True,2026-05-29 14:29:53
37,e2f217a5-5017-4d39-8a7e-891e8cb4a8d8,regional,50.0,GLOBAL_COMMIT,507.259,263.166,242.809,400.0,107.259,78.86,True,2026-05-29 14:29:54
38,eebb4f6e-742f-4b4b-aeb3-a50928097c06,regional,50.0,GLOBAL_COMMIT,524.19,262.795,260.289,400.0,124.19,76.31,True,2026-05-29 14:29:55
39,7ef6ebf7-828c-41eb-ad82-c84c177f5fe8,regional,50.0,GLOBAL_COMMIT,512.216,257.146,254.128,400.0,112.216,78.09,True,2026-05-29 14:29:55
40,34fdb903-5235-4798-ab94-e7ee81d13147,regional,50.0,GLOBAL_COMMIT,505.186,248.913,255.219,400.0,105.186,79.18,True,2026-05-29 14:29:56
41,a1f513c3-5b98-4261-8682-dfa34d6804f1,regional,50.0,GLOBAL_COMMIT,474.934,213.937,260.334,400.0,74.934,84.22,True,2026-05-29 14:29:56
42,8e7c9d3b-acfc-4064-8410-d28f87f78073,regional,50.0,GLOBAL_COMMIT,487.788,231.929,254.757,400.0,87.788,82.0,True,2026-05-29 14:29:57
43,586ad59a-376f-450a-91f8-61f3d4eb30b7,regional,50.0,GLOBAL_COMMIT,460.898,233.131,226.822,400.0,60.898,86.79,True,2026-05-29 14:29:57
44,6778c33f-c12d-46a5-a89f-54ddb01381f2,regional,50.0,GLOBAL_COMMIT,489.61,249.855,238.317,400.0,89.61,81.7,True,2026-05-29 14:29:58
45,b7201251-9e32-4dd5-a3b9-8f230e7cee1f,regional,50.0,GLOBAL_COMMIT,478.573,252.852,223.992,400.0,78.573,83.58,True,2026-05-29 14:29:58
46,0172e861-a4fd-4258-ad77-cb6197afa4dc,regional,50.0,GLOBAL_COMMIT,501.984,247.906,253.176,400.0,101.984,79.68,True,2026-05-29 14:29:59
47,53e8c6d5-0372-499c-9037-18cc9357628a,regional,50.0,GLOBAL_COMMIT,463.283,232.394,229.352,400.0,63.283,86.34,True,2026-05-29 14:29:59
48,6d420eae-9a25-4384-95b0-78b311f1ad74,regional,50.0,GLOBAL_COMMIT,453.186,228.947,222.803,400.0,53.186,88.26,True,2026-05-29 14:30:00
49,32e28ce1-8089-4045-8aaa-bc9ed0aa9b91,regional,50.0,GLOBAL_COMMIT,484.948,261.824,221.962,400.0,84.948,82.48,True,2026-05-29 14:30:00
50,b5d54d33-37bc-4dd7-b1bc-56738f9192e4,regional,50.0,GLOBAL_COMMIT,489.288,232.367,256.121,400.0,89.288,81.75,True,2026-05-29 14:30:01
51,e05a9c53-3911-4cf2-83fd-b25e886acd8f,regional,50.0,GLOBAL_COMMIT,459.407,237.192,220.853,400.0,59.407,87.07,True,2026-05-29 14:30:01
52,b79dd54c-5eb8-4a3e-82f8-130d64a723af,regional,50.0,GLOBAL_COMMIT,459.848,217.382,241.617,400.0,59.848,86.99,True,2026-05-29 14:30:01
53,45a753ea-f652-4e8c-ab4d-ad2fb0a9df7c,regional,50.0,GLOBAL_COMMIT,469.657,246.355,222.106,400.0,69.657,85.17,True,2026-05-29 14:30:02
54,14fee62e-3208-4b97-8fa6-cf0bb08729fd,regional,50.0,GLOBAL_COMMIT,455.499,221.723,232.911,400.0,55.499,87.82,True,2026-05-29 14:30:02
55,85dad960-0e3e-4914-86f8-2c3d7b623d9a,regional,50.0,GLOBAL_COMMIT,495.478,232.306,262.046,400.0,95.478,80.73,True,2026-05-29 14:30:03
56,4b8f8b67-f58b-4d6d-852d-1e98d08c1599,regional,50.0,GLOBAL_COMMIT,523.591,259.443,262.822,400.0,123.591,76.4,True,2026-05-29 14:30:03
57,67c4115b-eb45-499a-939a-cea45da049e8,regional,50.0,GLOBAL_COMMIT,455.263,224.975,229.277,400.0,55.263,87.86,True,2026-05-29 14:30:04
58,f099d4ef-1cbc-41b2-9fd3-d93c30e0c314,regional,50.0,GLOBAL_COMMIT,476.405,228.994,246.545,400.0,76.405,83.96,True,2026-05-29 14:30:04
59,b33e376d-e235-4e1b-b335-e20faa8a43cf,regional,50.0,GLOBAL_COMMIT,490.993,230.443,259.745,400.0,90.993,81.47,True,2026-05-29 14:30:05
60,0c6bfe02-cab9-49c7-b18b-266d858d1fb8,regional,50.0,GLOBAL_COMMIT,523.179,260.019,261.869,400.0,123.179,76.46,True,2026-05-29 14:30:05
61,954bf172-4110-4d0c-9dfd-a49378731486,regional,50.0,GLOBAL_COMMIT,491.993,247.208,243.873,400.0,91.993,81.3,True,2026-05-29 14:30:06
62,857a8280-e602-447f-b06d-d381fbb71da2,regional,50.0,GLOBAL_COMMIT,490.951,253.65,236.133,400.0,90.951,81.47,True,2026-05-29 14:30:06
63,96fa1736-03fd-4257-9c68-3efaca6928fc,regional,50.0,GLOBAL_COMMIT,498.779,260.874,237.018,400.0,98.779,80.2,True,2026-05-29 14:30:07
64,045277ba-a633-43ba-a45b-502b8c1d007d,regional,50.0,GLOBAL_COMMIT,507.004,252.017,253.92,400.0,107.004,78.89,True,2026-05-29 14:30:07
65,4d135127-bfa9-4f70-a5eb-4dd1234aabf9,regional,50.0,GLOBAL_COMMIT,474.451,235.876,237.644,400.0,74.451,84.31,True,2026-05-29 14:30:08
66,79413c65-2e33-48e8-8e1c-1ae9ff9e4271,regional,50.0,GLOBAL_COMMIT,526.693,267.58,257.856,400.0,126.693,75.95,True,2026-05-29 14:30:08
67,251b327c-0f58-449f-81c3-b411925a1e74,regional,50.0,GLOBAL_COMMIT,463.182,244.765,217.734,400.0,63.182,86.36,True,2026-05-29 14:30:09
68,ef149294-cfec-4ce5-8e2f-49dfdda8d46f,regional,50.0,GLOBAL_COMMIT,480.241,258.172,221.095,400.0,80.241,83.29,True,2026-05-29 14:30:09
69,57c317d1-e1b0-4f8b-935c-96a3555f8589,regional,50.0,GLOBAL_COMMIT,506.865,245.878,260.181,400.0,106.865,78.92,True,2026-05-29 14:30:10
70,95d70e8b-e163-42b0-971c-f9f927e5087b,regional,50.0,GLOBAL_COMMIT,512.338,248.106,263.491,400.0,112.338,78.07,True,2026-05-29 14:30:11
71,f9490adf-0ea4-42bd-b701-12c4d8bdd055,regional,50.0,GLOBAL_COMMIT,506.228,238.597,266.309,400.0,106.228,79.02,True,2026-05-29 14:30:11
72,04096595-ff20-474f-a27b-d0e7e66d1aa5,regional,50.0,GLOBAL_COMMIT,514.607,269.663,244.317,400.0,114.607,77.73,True,2026-05-29 14:30:12
73,71eeb06b-e1f7-4335-a9d2-626d7971d3a8,regional,50.0,GLOBAL_COMMIT,485.104,238.407,245.811,400.0,85.104,82.46,True,2026-05-29 14:30:12
74,d93edb3e-8115-4bcd-b1af-384b25fe1d86,regional,50.0,GLOBAL_COMMIT,485.195,227.365,256.995,400.0,85.195,82.44,True,2026-05-29 14:30:13
75,b7545100-8c6f-4d4f-a121-b86c9d39ae3f,regional,50.0,GLOBAL_COMMIT,471.536,234.976,235.946,400.0,71.536,84.83,True,2026-05-29 14:30:13
76,87bb08ed-f335-489e-a3a6-d051dbb6e67e,regional,50.0,GLOBAL_COMMIT,488.458,245.741,242.003,400.0,88.458,81.89,True,2026-05-29 14:30:14
77,5998c585-734b-4a55-8ff9-eaeb24871820,regional,50.0,GLOBAL_COMMIT,493.219,227.762,264.434,400.0,93.219,81.1,True,2026-05-29 14:30:14
78,875e469f-2c03-4434-bc64-6345432ea17d,regional,50.0,GLOBAL_COMMIT,488.184,231.063,255.967,400.0,88.184,81.94,True,2026-05-29 14:30:15
79,913c6129-433c-4c25-bbf7-da957ef8ac17,regional,50.0,GLOBAL_COMMIT,471.748,225.49,245.596,400.0,71.748,84.79,True,2026-05-29 14:30:15
80,60386d5b-efde-4222-8a28-3c7d154b7d6f,regional,50.0,GLOBAL_COMMIT,511.102,255.61,254.784,400.0,111.102,78.26,True,2026-05-29 14:30:16
81,a17f1e3f-1955-4341-a92f-4c65fcfccd7d,regional,50.0,GLOBAL_COMMIT,496.285,247.561,247.956,400.0,96.285,80.6,True,2026-05-29 14:30:16
82,aa6b7e3e-4398-4a8f-99ef-4104b5ef03c2,regional,50.0,GLOBAL_COMMIT,493.896,265.168,227.696,400.0,93.896,80.99,True,2026-05-29 14:30:17
83,5d2d8c18-1121-4b4c-a7aa-555a48febdc8,regional,50.0,GLOBAL_COMMIT,516.733,251.279,264.565,400.0,116.733,77.41,True,2026-05-29 14:30:17
84,4cccfb7c-e425-4368-acb2-07fdc412ce2c,regional,50.0,GLOBAL_COMMIT,499.972,241.986,256.935,400.0,99.972,80.0,True,2026-05-29 14:30:18
85,f2f6fb35-33d3-46e7-a2b8-5c70dbf55381,regional,50.0,GLOBAL_COMMIT,506.489,261.013,244.479,400.0,106.489,78.98,True,2026-05-29 14:30:18
86,b9f124b6-8160-409c-b472-2e02605a79b5,regional,50.0,GLOBAL_COMMIT,497.575,236.783,259.897,400.0,97.575,80.39,True,2026-05-29 14:30:19
87,d90843ff-1e18-4c17-bce7-a4efddf9bbbd,regional,50.0,GLOBAL_COMMIT,491.373,254.14,236.143,400.0,91.373,81.4,True,2026-05-29 14:30:19
88,2b9f10cd-a513-4983-ba27-02aa8925db01,regional,50.0,GLOBAL_COMMIT,509.157,248.059,259.786,400.0,109.157,78.56,True,2026-05-29 14:30:20
89,57c970d4-0e5e-431b-abc2-b3fc4821b041,regional,50.0,GLOBAL_COMMIT,490.653,251.851,237.794,400.0,90.653,81.52,True,2026-05-29 14:30:20
90,c4786290-470a-4a04-8656-55d6240a82ed,regional,50.0,GLOBAL_COMMIT,507.204,235.395,270.988,400.0,107.204,78.86,True,2026-05-29 14:30:21
91,01687f77-efad-44e0-9aef-3708edce516c,regional,50.0,GLOBAL_COMMIT,504.548,262.186,241.48,400.0,104.548,79.28,True,2026-05-29 14:30:21
92,5cb91d12-f9cf-4c05-a2ef-3fd0f1be48b0,regional,50.0,GLOBAL_COMMIT,483.582,232.98,249.585,400.0,83.582,82.72,True,2026-05-29 14:30:22
93,14c3a910-5d9e-4de9-9566-f97641a5d9ee,regional,50.0,GLOBAL_COMMIT,508.71,246.536,260.991,400.0,108.71,78.63,True,2026-05-29 14:30:22
94,6c773843-2ec1-4a99-83b2-1bb85e923ff4,regional,50.0,GLOBAL_COMMIT,499.247,246.176,252.178,400.0,99.247,80.12,True,2026-05-29 14:30:23
95,6788d499-e262-4879-bea6-653d033e7d7d,regional,50.0,GLOBAL_COMMIT,508.989,255.898,252.421,400.0,108.989,78.59,True,2026-05-29 14:30:23
96,cfa02372-d16e-4e9d-8955-67132da6dca7,regional,50.0,GLOBAL_COMMIT,485.313,230.134,253.893,400.0,85.313,82.42,True,2026-05-29 14:30:24
97,cd9b78f3-70f2-4b7a-8a70-6a2fc96ee948,regional,50.0,GLOBAL_COMMIT,491.668,245.417,245.344,400.0,91.668,81.36,True,2026-05-29 14:30:24
98,eada600c-d9f6-4f24-b5ea-c15730cc6528,regional,50.0,GLOBAL_COMMIT,509.32,244.96,263.706,400.0,109.32,78.54,True,2026-05-29 14:30:25
99,3c216315-2172-4f12-be6d-afb91ac1b03d,regional,50.0,GLOBAL_COMMIT,486.133,243.917,241.344,400.0,86.133,82.28,True,2026-05-29 14:30:25
0,d99074bd-8fbc-49df-a518-508a4fb657a1,global,250.0,GLOBAL_COMMIT,2122.721,1069.373,1052.595,2000.0,122.721,94.22,True,2026-05-29 14:30:37
1,c074dd15-5a32-4965-9a62-256787364014,global,250.0,GLOBAL_COMMIT,2112.386,1052.106,1059.504,2000.0,112.386,94.68,True,2026-05-29 14:30:39
2,0d01a302-e27a-4ae8-b100-60010f6c69a1,global,250.0,GLOBAL_COMMIT,2100.903,1038.05,1061.574,2000.0,100.903,95.2,True,2026-05-29 14:30:41
3,a97006b3-c9d5-4556-ac20-0c88bdd5a646,global,250.0,GLOBAL_COMMIT,2099.749,1045.239,1053.77,2000.0,99.749,95.25,True,2026-05-29 14:30:43
4,d015ebaa-6bd7-4034-b54b-f92ed621fa01,global,250.0,GLOBAL_COMMIT,2086.307,1030.835,1054.515,2000.0,86.307,95.86,True,2026-05-29 14:30:45
5,90d924db-813a-403d-8e1c-2eb629d65165,global,250.0,GLOBAL_COMMIT,2085.361,1030.654,1053.48,2000.0,85.361,95.91,True,2026-05-29 14:30:47
6,7f404799-2c75-4821-9f75-813179441714,global,250.0,GLOBAL_COMMIT,2096.837,1055.242,1040.756,2000.0,96.837,95.38,True,2026-05-29 14:30:49
7,92efae64-6338-41dc-a14f-9e354726cf8a,global,250.0,GLOBAL_COMMIT,2131.602,1062.618,1067.828,2000.0,131.602,93.83,True,2026-05-29 14:30:51
8,b60153ee-2125-4de6-a09b-a86717cfbb62,global,250.0,GLOBAL_COMMIT,2099.783,1038.7,1060.384,2000.0,99.783,95.25,True,2026-05-29 14:30:53
9,b558a966-2832-4c0c-ad9c-6f2dac7d3104,global,250.0,GLOBAL_COMMIT,2115.715,1058.379,1056.136,2000.0,115.715,94.53,True,2026-05-29 14:30:56
10,dba8fc1e-94de-440f-8aa9-cb761c03c9ff,global,250.0,GLOBAL_COMMIT,2104.195,1039.196,1064.135,2000.0,104.195,95.05,True,2026-05-29 14:30:58
11,bd162125-9403-4e27-9d5c-229465fc10cf,global,250.0,GLOBAL_COMMIT,2124.896,1061.998,1062.131,2000.0,124.896,94.12,True,2026-05-29 14:31:00
12,ef950b92-3fbe-41c4-aba2-4487c9ea63b2,global,250.0,GLOBAL_COMMIT,2104.555,1059.391,1044.261,2000.0,104.555,95.03,True,2026-05-29 14:31:02
13,455b53fb-0cb7-4ea0-a256-3a409ce8b5bd,global,250.0,GLOBAL_COMMIT,2126.384,1060.884,1064.6,2000.0,126.384,94.06,True,2026-05-29 14:31:04
14,d165374f-d788-43bf-920c-0f33291d8296,global,250.0,GLOBAL_COMMIT,2119.387,1052.94,1065.936,2000.0,119.387,94.37,True,2026-05-29 14:31:06
15,6ca6bf33-2ba5-4eb5-9966-2597e5e79a66,global,250.0,GLOBAL_COMMIT,2117.231,1057.631,1058.04,2000.0,117.231,94.46,True,2026-05-29 14:31:08
16,05044bd2-e805-4559-a261-86b02015e729,global,250.0,GLOBAL_COMMIT,2134.725,1059.041,1074.639,2000.0,134.725,93.69,True,2026-05-29 14:31:11
17,c20c69fc-bf70-4bcb-8f90-4c4d0fec52cd,global,250.0,GLOBAL_COMMIT,2117.875,1052.42,1064.219,2000.0,117.875,94.43,True,2026-05-29 14:31:13
18,64847b8e-1c69-48da-9aa5-0d494601af6d,global,250.0,GLOBAL_COMMIT,2087.828,1046.418,1040.431,2000.0,87.828,95.79,True,2026-05-29 14:31:15
19,53867559-0573-4754-ab7f-bfb1529b5732,global,250.0,GLOBAL_COMMIT,2124.52,1058.624,1064.98,2000.0,124.52,94.14,True,2026-05-29 14:31:17
20,0dbc7040-0e12-4dd3-847d-a358c20d6232,global,250.0,GLOBAL_COMMIT,2113.378,1046.135,1066.44,2000.0,113.378,94.64,True,2026-05-29 14:31:19
21,a5b5c8cd-e5bf-4e03-9f9a-e8d499b0d237,global,250.0,GLOBAL_COMMIT,2114.135,1054.746,1058.545,2000.0,114.135,94.6,True,2026-05-29 14:31:21
22,4fe86a61-7fbf-4441-82e0-cf4afb652ab3,global,250.0,GLOBAL_COMMIT,2121.464,1059.829,1060.713,2000.0,121.464,94.27,True,2026-05-29 14:31:23
23,59270c01-c6d1-42c6-b148-1f8e7c3cc4b2,global,250.0,GLOBAL_COMMIT,2125.36,1058.366,1065.758,2000.0,125.36,94.1,True,2026-05-29 14:31:25
24,6078748f-61d7-4201-a4ab-5bfaffe767a2,global,250.0,GLOBAL_COMMIT,2085.397,1041.455,1043.355,2000.0,85.397,95.9,True,2026-05-29 14:31:28
25,b83b2608-fabc-4705-9a25-77857f4a33ec,global,250.0,GLOBAL_COMMIT,2120.001,1056.481,1062.307,2000.0,120.001,94.34,True,2026-05-29 14:31:30
26,cfccc997-4972-41b9-996c-4a0f801996ff,global,250.0,GLOBAL_COMMIT,2131.622,1068.769,1061.44,2000.0,131.622,93.83,True,2026-05-29 14:31:32
27,b83b3603-df53-4a0b-bd4c-b42df30cb682,global,250.0,GLOBAL_COMMIT,2101.041,1041.235,1058.121,2000.0,101.041,95.19,True,2026-05-29 14:31:34
28,6c9bf872-2247-40ed-a3a8-fa5a51c177c5,global,250.0,GLOBAL_COMMIT,2131.304,1067.006,1063.627,2000.0,131.304,93.84,True,2026-05-29 14:31:36
29,24e12dbd-7f19-49ab-9e3b-886391d434d6,global,250.0,GLOBAL_COMMIT,2115.431,1059.341,1054.708,2000.0,115.431,94.54,True,2026-05-29 14:31:38
30,d212fa3f-2f92-40bd-be7a-bd380f53149e,global,250.0,GLOBAL_COMMIT,2122.952,1047.559,1074.601,2000.0,122.952,94.21,True,2026-05-29 14:31:40
31,e102c03a-b260-462f-a57d-3d758c5174bc,global,250.0,GLOBAL_COMMIT,2092.355,1043.036,1048.121,2000.0,92.355,95.59,True,2026-05-29 14:31:42
32,7f1c3d7a-4311-4360-b121-ccf0c7023a6e,global,250.0,GLOBAL_COMMIT,2132.451,1057.903,1073.143,2000.0,132.451,93.79,True,2026-05-29 14:31:45
33,741a3904-cc86-4aa1-81d2-5f53b13219a3,global,250.0,GLOBAL_COMMIT,2122.361,1060.881,1060.687,2000.0,122.361,94.23,True,2026-05-29 14:31:47
34,203e916e-7460-4615-91a0-1c97b33a3a9b,global,250.0,GLOBAL_COMMIT,2093.484,1036.193,1055.822,2000.0,93.484,95.53,True,2026-05-29 14:31:49
35,5bcea50e-84cd-48c6-9b76-67a34c304889,global,250.0,GLOBAL_COMMIT,2087.465,1035.09,1050.977,2000.0,87.465,95.81,True,2026-05-29 14:31:51
36,5e7ff629-02b5-4b8f-87bc-ce834ff13263,global,250.0,GLOBAL_COMMIT,2085.284,1042.597,1041.232,2000.0,85.284,95.91,True,2026-05-29 14:31:53
37,10ba6003-989c-443f-ae38-a45b4e4e7221,global,250.0,GLOBAL_COMMIT,2124.167,1052.105,1070.991,2000.0,124.167,94.15,True,2026-05-29 14:31:55
38,49773670-7900-4452-8b5b-a4af75bbaf21,global,250.0,GLOBAL_COMMIT,2129.545,1058.395,1070.081,2000.0,129.545,93.92,True,2026-05-29 14:31:57
39,04aef48f-9a76-4493-b2ff-ca977873f859,global,250.0,GLOBAL_COMMIT,2107.745,1050.889,1055.301,2000.0,107.745,94.89,True,2026-05-29 14:31:59
40,74997219-f1cb-422d-bb52-83ce5cc83869,global,250.0,GLOBAL_COMMIT,2102.024,1044.523,1056.788,2000.0,102.024,95.15,True,2026-05-29 14:32:02
41,8d6da576-846c-444d-a88d-3a5acf948132,global,250.0,GLOBAL_COMMIT,2122.75,1057.933,1062.665,2000.0,122.75,94.22,True,2026-05-29 14:32:04
42,f3e59110-b25b-4532-a458-d5d1fd9cb06a,global,250.0,GLOBAL_COMMIT,2113.467,1058.984,1052.858,2000.0,113.467,94.63,True,2026-05-29 14:32:06
43,ad65ff3b-42f3-4b76-be8a-989148c97c35,global,250.0,GLOBAL_COMMIT,2107.344,1060.823,1045.673,2000.0,107.344,94.91,True,2026-05-29 14:32:08
44,30dc935b-5755-4d01-b1a7-5087ef2d1e8e,global,250.0,GLOBAL_COMMIT,2120.106,1053.377,1066.03,2000.0,120.106,94.33,True,2026-05-29 14:32:10
45,5df3f5fa-27b5-4a86-b980-65eec77968a5,global,250.0,GLOBAL_COMMIT,2083.539,1043.869,1039.102,2000.0,83.539,95.99,True,2026-05-29 14:32:12
46,642ff9ae-594b-4581-80d2-9510d451d2f4,global,250.0,GLOBAL_COMMIT,2070.382,1031.978,1037.709,2000.0,70.382,96.6,True,2026-05-29 14:32:14
47,b774b49a-32b3-47de-8102-f5d29163e8f2,global,250.0,GLOBAL_COMMIT,2121.358,1059.503,1061.101,2000.0,121.358,94.28,True,2026-05-29 14:32:16
48,70174d72-f8a5-45ae-9618-4f35df4e7c82,global,250.0,GLOBAL_COMMIT,2108.462,1043.584,1064.049,2000.0,108.462,94.86,True,2026-05-29 14:32:18
49,91dc3497-5da5-42f3-87bb-d30ab1ca4361,global,250.0,GLOBAL_COMMIT,2112.066,1060.597,1050.43,2000.0,112.066,94.69,True,2026-05-29 14:32:21
50,1088629d-cb83-4c5e-9b4c-7e4142505ff4,global,250.0,GLOBAL_COMMIT,2114.763,1047.672,1066.207,2000.0,114.763,94.57,True,2026-05-29 14:32:23
51,9c96d562-805c-4444-a757-1ac5647530cf,global,250.0,GLOBAL_COMMIT,2126.393,1059.4,1066.135,2000.0,126.393,94.06,True,2026-05-29 14:32:25
52,adf455f5-c6e0-4915-971f-e0a9b3682c7f,global,250.0,GLOBAL_COMMIT,2100.924,1050.753,1049.168,2000.0,100.924,95.2,True,2026-05-29 14:32:27
53,18366424-3e2f-4eb4-92e0-bbe117ac53d7,global,250.0,GLOBAL_COMMIT,2112.98,1048.907,1062.835,2000.0,112.98,94.65,True,2026-05-29 14:32:29
54,d67b87ea-79d3-405a-a30e-66ec13c2d80a,global,250.0,GLOBAL_COMMIT,2117.826,1048.602,1068.049,2000.0,117.826,94.44,True,2026-05-29 14:32:31
55,49a5ee1c-b3c4-4a02-bac1-550dd789c151,global,250.0,GLOBAL_COMMIT,2094.337,1047.926,1045.353,2000.0,94.337,95.5,True,2026-05-29 14:32:33
56,f423523a-3f4b-4106-8382-4f2cfd477560,global,250.0,GLOBAL_COMMIT,2124.029,1060.767,1062.031,2000.0,124.029,94.16,True,2026-05-29 14:32:35
57,994a8170-ad0d-4895-b56f-f2d6c1ae3fb3,global,250.0,GLOBAL_COMMIT,2111.786,1047.775,1063.135,2000.0,111.786,94.71,True,2026-05-29 14:32:38
58,5a2d823f-f766-49f3-920b-e3664a4c8533,global,250.0,GLOBAL_COMMIT,2101.613,1057.458,1042.72,2000.0,101.613,95.17,True,2026-05-29 14:32:40
59,33422d9a-2772-4fee-a11b-4ca102d8e3b2,global,250.0,GLOBAL_COMMIT,2118.5,1063.827,1053.978,2000.0,118.5,94.41,True,2026-05-29 14:32:42
60,d5891d8d-14ba-429a-9810-31f880399dcf,global,250.0,GLOBAL_COMMIT,2121.195,1060.089,1059.442,2000.0,121.195,94.29,True,2026-05-29 14:32:44
61,1935a9dc-9dfe-42d8-928e-26c4096a7015,global,250.0,GLOBAL_COMMIT,2112.438,1044.958,1066.574,2000.0,112.438,94.68,True,2026-05-29 14:32:46
62,1adccb93-85a0-45d9-9f37-0c41dd4657f1,global,250.0,GLOBAL_COMMIT,2112.381,1056.403,1055.132,2000.0,112.381,94.68,True,2026-05-29 14:32:48
63,a3f12fe6-9e98-4433-918f-8e21ab8b4548,global,250.0,GLOBAL_COMMIT,2108.995,1042.682,1065.331,2000.0,108.995,94.83,True,2026-05-29 14:32:50
64,5028b003-170e-43da-b26b-0eb0db98ec07,global,250.0,GLOBAL_COMMIT,2135.474,1056.824,1077.059,2000.0,135.474,93.66,True,2026-05-29 14:32:52
65,ccb45bb3-b3b5-49fb-8b79-0ad08fc2e685,global,250.0,GLOBAL_COMMIT,2120.831,1060.143,1060.147,2000.0,120.831,94.3,True,2026-05-29 14:32:55
66,d10d1d3e-41ff-47e3-86cb-91fa06f7c0fc,global,250.0,GLOBAL_COMMIT,2120.636,1058.294,1061.116,2000.0,120.636,94.31,True,2026-05-29 14:32:57
67,7650468a-c740-40fb-93ec-c08da0fc50ad,global,250.0,GLOBAL_COMMIT,2106.639,1039.914,1065.637,2000.0,106.639,94.94,True,2026-05-29 14:32:59
68,48e100bc-a35d-4f61-9797-299468b1a7cf,global,250.0,GLOBAL_COMMIT,2117.474,1051.82,1063.9,2000.0,117.474,94.45,True,2026-05-29 14:33:01
69,1d74cd53-3c04-42c5-ac3f-8d02323a85f6,global,250.0,GLOBAL_COMMIT,2101.344,1034.177,1066.319,2000.0,101.344,95.18,True,2026-05-29 14:33:03
70,41d9d784-48a9-47bb-ac99-478e55be7acb,global,250.0,GLOBAL_COMMIT,2123.459,1060.825,1061.798,2000.0,123.459,94.19,True,2026-05-29 14:33:05
71,901e5544-f79c-4ab7-b9d7-f6dc6ac0bde4,global,250.0,GLOBAL_COMMIT,2117.532,1056.229,1059.578,2000.0,117.532,94.45,True,2026-05-29 14:33:07
72,916415e8-69a8-4b06-b1e8-85ca53123cf4,global,250.0,GLOBAL_COMMIT,2116.746,1045.435,1070.064,2000.0,116.746,94.48,True,2026-05-29 14:33:10
73,c60504cc-c399-4f27-af6d-05b8757faf21,global,250.0,GLOBAL_COMMIT,2126.603,1053.338,1072.165,2000.0,126.603,94.05,True,2026-05-29 14:33:12
74,e3bdfd84-7c8a-46d0-a2ab-73870784b2f1,global,250.0,GLOBAL_COMMIT,2112.341,1055.911,1054.937,2000.0,112.341,94.68,True,2026-05-29 14:33:14
75,448902f1-49de-47d0-85e7-a0253d06110d,global,250.0,GLOBAL_COMMIT,2097.314,1050.941,1045.646,2000.0,97.314,95.36,True,2026-05-29 14:33:16
76,ff97e27e-8ee5-4abf-9360-929c67499cc7,global,250.0,GLOBAL_COMMIT,2075.496,1035.182,1038.483,2000.0,75.496,96.36,True,2026-05-29 14:33:18
77,82f382e1-6915-4084-bc28-1570c8d0f1f6,global,250.0,GLOBAL_COMMIT,2112.532,1053.807,1058.074,2000.0,112.532,94.67,True,2026-05-29 14:33:20
78,9a0843f4-f88f-4618-8e62-00ab39c844cc,global,250.0,GLOBAL_COMMIT,2100.348,1057.014,1042.411,2000.0,100.348,95.22,True,2026-05-29 14:33:22
79,b3c1423c-9cd4-47c8-9fb0-a27908413cb0,global,250.0,GLOBAL_COMMIT,2132.451,1066.557,1064.88,2000.0,132.451,93.79,True,2026-05-29 14:33:24
80,0cf066c2-06b3-48f7-b258-ed159d4d9df2,global,250.0,GLOBAL_COMMIT,2107.56,1043.517,1062.825,2000.0,107.56,94.9,True,2026-05-29 14:33:27
81,7a2eb224-b680-436f-8af2-bfe6ca69ae9b,global,250.0,GLOBAL_COMMIT,2118.246,1054.409,1063.179,2000.0,118.246,94.42,True,2026-05-29 14:33:29
82,9d121542-e9be-421a-8145-9d06c3a569c6,global,250.0,GLOBAL_COMMIT,2117.951,1059.141,1057.528,2000.0,117.951,94.43,True,2026-05-29 14:33:31
83,6da2bc52-5cec-4836-af59-1ddaed5b1f95,global,250.0,GLOBAL_COMMIT,2114.211,1050.066,1062.56,2000.0,114.211,94.6,True,2026-05-29 14:33:33
84,a5c3a8f1-2b80-490b-9463-87b20c3a503b,global,250.0,GLOBAL_COMMIT,2135.719,1066.454,1067.749,2000.0,135.719,93.65,True,2026-05-29 14:33:35
85,617cddf6-2a61-4caf-a2e1-e5414939ba3c,global,250.0,GLOBAL_COMMIT,2123.641,1057.572,1064.219,2000.0,123.641,94.18,True,2026-05-29 14:33:37
86,9362c5b9-0483-46a2-804b-10c6be012127,global,250.0,GLOBAL_COMMIT,2111.807,1055.599,1055.086,2000.0,111.807,94.71,True,2026-05-29 14:33:39
87,be5785b0-45cf-437e-9b18-717d2d17e78a,global,250.0,GLOBAL_COMMIT,2082.399,1040.064,1041.378,2000.0,82.399,96.04,True,2026-05-29 14:33:42
88,fe472a24-c7cc-4610-946d-2f9947037a2f,global,250.0,GLOBAL_COMMIT,2098.99,1052.944,1045.073,2000.0,98.99,95.28,True,2026-05-29 14:33:44
89,9d2cd6c5-791a-4d2f-8927-29b6c7551cb4,global,250.0,GLOBAL_COMMIT,2106.12,1061.19,1043.89,2000.0,106.12,94.96,True,2026-05-29 14:33:46
90,085f76ab-add8-4fda-b423-5981fb2102a4,global,250.0,GLOBAL_COMMIT,2088.178,1040.807,1046.568,2000.0,88.178,95.78,True,2026-05-29 14:33:48
91,b3983152-7ffa-41b8-a436-795322170a6e,global,250.0,GLOBAL_COMMIT,2086.303,1039.57,1045.825,2000.0,86.303,95.86,True,2026-05-29 14:33:50
92,7f4aca92-ac2f-4849-8dfc-647f1fccebcb,global,250.0,GLOBAL_COMMIT,2106.351,1051.665,1053.705,2000.0,106.351,94.95,True,2026-05-29 14:33:52
93,9ac843eb-7ced-4079-ad39-83085ee858db,global,250.0,GLOBAL_COMMIT,2119.407,1057.211,1060.838,2000.0,119.407,94.37,True,2026-05-29 14:33:54
94,0f423893-fb2c-45ed-9dd5-b5a3fec8be7e,global,250.0,GLOBAL_COMMIT,2096.573,1043.392,1052.602,2000.0,96.573,95.39,True,2026-05-29 14:33:56
95,4d956262-f3dd-453e-9c5e-3dc631a975fe,global,250.0,GLOBAL_COMMIT,2126.915,1053.591,1071.826,2000.0,126.915,94.03,True,2026-05-29 14:33:58
96,6be3383d-648e-47fb-b376-62eba0a71c24,global,250.0,GLOBAL_COMMIT,2102.441,1038.484,1062.792,2000.0,102.441,95.13,True,2026-05-29 14:34:01
97,756a262c-37a0-4920-a5c3-40b89a40c48e,global,250.0,GLOBAL_COMMIT,2121.903,1058.527,1062.538,2000.0,121.903,94.26,True,2026-05-29 14:34:03
98,c86e3c42-4c3e-4f3f-bba7-b76614fcd2ba,global,250.0,GLOBAL_COMMIT,2115.529,1052.909,1061.932,2000.0,115.529,94.54,True,2026-05-29 14:34:05
99,88938008-39f0-4ee6-9963-e7fbfe465dc3,global,250.0,GLOBAL_COMMIT,2110.386,1055.718,1053.108,2000.0,110.386,94.77,True,2026-05-29 14:34:07
